Suburb,2011,2012,2013,2014,2015,2016,2017,2018,2019,2020,Postcode
ABBOTSFORD,730000.0,714000.0,792500.0,862500.0,925000.0,1187500.0,1280000.0,1192500.0,1030000.0,1150000.0,3067
ABERFELDIE,994000.0,852500.0,947500.0,1045000.0,1207500.0,1300000.0,1453000.0,1500000.0,1390000.0,1592500.0,3040
AIREYS INLET,680000.0,634000.0,664000.0,625500.0,680000.0,715000.0,737500.0,869000.0,985000.0,1005000.0,3231
AIRPORT WEST,557500.0,495000.0,532000.0,575000.0,635000.0,742000.0,845000.0,847500.0,790000.0,900000.0,3042
ALBANVALE,317000.0,310000.0,313000.0,326500.0,345000.0,439000.0,526500.0,546000.0,512000.0,563000.0,3021
ALBERT PARK,1390000.0,1265000.0,1360000.0,1503000.0,1700000.0,1775000.0,2150000.0,2070000.0,1965000.0,1110000.0,3206
ALBION,400000.0,379500.0,379000.0,432000.0,481000.0,593000.0,730000.0,755000.0,675000.0,765000.0,3020
ALEXANDRA,255000.0,239000.0,261000.0,247500.0,285000.0,275000.0,291500.0,335000.0,325500.0,385000.0,3714
ALFREDTON,333000.0,340000.0,361500.0,362000.0,340500.0,375000.0,412500.0,439000.0,480000.0,500000.0,3350
ALTONA,575000.0,570000.0,575000.0,646500.0,718000.0,825000.0,950000.0,932500.0,882500.0,888500.0,3018
ALTONA EAST,523000.0,550000.0,561000.0,605000.0,650000.0,795000.0,885000.0,895000.0,842500.0,852500.0,3018
ALTONA MEADOWS,395000.0,375000.0,390000.0,415000.0,440000.0,495000.0,625000.0,631500.0,617500.0,650000.0,3028
ALTONA NORTH,520000.0,484000.0,510000.0,555000.0,645000.0,726000.0,828000.0,840000.0,788500.0,845000.0,3025
ANGLESEA,600500.0,587500.0,550000.0,612500.0,635000.0,652500.0,788000.0,861000.0,905000.0,1015000.0,3230
APOLLO BAY,495000.0,432500.0,450000.0,460000.0,435000.0,480000.0,545000.0,550000.0,597500.0,680000.0,3233
ARARAT,169000.0,165000.0,180000.0,200000.0,210000.0,204500.0,200000.0,199000.0,216500.0,228000.0,3377
ARDEER,360000.0,342500.0,330000.0,360000.0,381500.0,517500.0,595000.0,629000.0,571500.0,590000.0,3022
ARMADALE,1615000.0,1500000.0,1675000.0,1750000.0,2172500.0,2367500.0,2300000.0,2341500.0,2462500.0,2325000.0,3143
ARMSTRONG CREEK,205000.0,362500.0,467500.0,441500.0,440000.0,450000.0,471000.0,535000.0,540000.0,530500.0,3217
ASCOT (GREATER BENDIGO),323500.0,350000.0,349500.0,344500.0,349000.0,370000.0,358000.0,380000.0,415500.0,454000.0,3551
ASCOT VALE,735000.0,701500.0,735000.0,810000.0,885000.0,1020000.0,1192500.0,1200000.0,1088500.0,1102000.0,3032
ASHBURTON,890000.0,870000.0,1000000.0,1200000.0,1435000.0,1567500.0,1812500.0,1712500.0,1651000.0,1480000.0,3147
ASHWOOD,749000.0,681000.0,775000.0,888000.0,1140000.0,1230000.0,1359000.0,1210000.0,1100000.0,1099000.0,3147
ASPENDALE,630000.0,610000.0,620000.0,690000.0,795500.0,891000.0,1125000.0,980000.0,994000.0,1167500.0,3195
ASPENDALE GARDENS,550000.0,552000.0,586500.0,632000.0,715000.0,775000.0,882500.0,935000.0,844000.0,898500.0,3195
ATTWOOD,592000.0,500000.0,540000.0,515000.0,620000.0,660000.0,742500.0,750000.0,767500.0,672500.0,3049
AVOCA,151000.0,181500.0,182500.0,180000.0,182500.0,165000.0,212500.0,220000.0,219500.0,320000.0,3467
AVONDALE HEIGHTS,538000.0,536000.0,532500.0,560000.0,650000.0,750000.0,845500.0,830000.0,810000.0,841000.0,3034
BACCHUS MARSH,330000.0,325000.0,335500.0,348000.0,355000.0,376000.0,415500.0,480000.0,500000.0,490000.0,3340
BADGER CREEK,295000.0,295000.0,315000.0,325000.0,345000.0,379000.0,465000.0,500000.0,498000.0,518500.0,3777
BAIRNSDALE,235000.0,231000.0,235000.0,244000.0,246500.0,255000.0,270000.0,276000.0,274000.0,290000.0,3875
BALACLAVA,793500.0,717500.0,860500.0,942000.0,1100000.0,1242500.0,1385500.0,1196000.0,1310000.0,1430000.0,3183
BALCOMBE,718500.0,686000.0,712500.0,737000.0,871000.0,950000.0,1100000.0,1240000.0,1109000.0,1007500.0,Australia
BALLAN,310000.0,305000.0,352000.0,330000.0,359000.0,370000.0,417000.0,462000.0,450000.0,505000.0,3342
BALLARAT CENTRAL,320000.0,313500.0,322000.0,327500.0,353000.0,385000.0,430000.0,446500.0,520000.0,590000.0,3350
BALLARAT EAST,245000.0,255000.0,265000.0,265000.0,275000.0,295000.0,310000.0,340000.0,360000.0,375500.0,3350
BALLARAT NORTH,275000.0,280000.0,296000.0,312000.0,315000.0,339500.0,346500.0,389000.0,413500.0,425000.0,3350
BALNARRING,472500.0,501500.0,525000.0,544000.0,595000.0,670000.0,815000.0,814500.0,825000.0,985000.0,3926
BALNARRING BEACH,630000.0,660000.0,750000.0,700000.0,887500.0,904000.0,890000.0,1115000.0,1275000.0,1175000.0,3926
BALWYN,1363000.0,1295000.0,1530000.0,1782500.0,2210000.0,2180000.0,2335500.0,2420000.0,2392500.0,2321500.0,3103
BALWYN NORTH,1100000.0,997500.0,1240000.0,1452000.0,1850000.0,1800000.0,1950000.0,1810000.0,1700000.0,1910000.0,3104
BANNOCKBURN,378000.0,351500.0,370000.0,405000.0,389000.0,382000.0,430000.0,487500.0,529000.0,580000.0,3331
BARANDUDA,340000.0,340000.0,345000.0,330000.0,323000.0,350000.0,350000.0,403500.0,395000.0,449000.0,3691
BARNAWARTHA,220000.0,222000.0,245000.0,220000.0,305000.0,245000.0,312000.0,280000.0,316000.0,432500.0,3688
BARWON HEADS,607500.0,632500.0,742500.0,715000.0,773000.0,842500.0,920500.0,965000.0,1007500.0,1130000.0,3227
BAXTER,320000.0,315000.0,330500.0,325000.0,340000.0,403000.0,530000.0,542500.0,530000.0,541500.0,3911
BAYSWATER,447500.0,426500.0,458500.0,525000.0,632500.0,693000.0,801000.0,753000.0,715000.0,750500.0,3153
BAYSWATER NORTH,436000.0,426500.0,468500.0,490000.0,580000.0,628000.0,735000.0,713000.0,695000.0,759500.0,3153
BEACONSFIELD UPPER,437500.0,535000.0,470000.0,507500.0,602500.0,630000.0,725500.0,903500.0,787500.0,815000.0,3808
BEAUFORT,142500.0,186000.0,186000.0,220000.0,205000.0,237500.0,220000.0,225000.0,242500.0,329000.0,3373
BEECHWORTH,320000.0,304500.0,295000.0,295000.0,332000.0,345000.0,399000.0,400000.0,472000.0,480000.0,3747
BELGRAVE,375000.0,390000.0,410000.0,426000.0,482500.0,545000.0,620000.0,676000.0,636000.0,664000.0,3160
BELGRAVE HEIGHTS,382000.0,399000.0,430000.0,480000.0,590500.0,624000.0,687500.0,701500.0,685000.0,702500.0,3160
BELL PARK,315000.0,290500.0,314000.0,323500.0,340000.0,360000.0,400000.0,452500.0,482000.0,510000.0,3215
BELL POST HILL,320000.0,328000.0,328000.0,333500.0,344500.0,355000.0,435000.0,487000.0,475000.0,567500.0,3215
BELLBRIDGE,280000.0,318000.0,297500.0,355000.0,285000.0,330000.0,347500.0,395000.0,368500.0,524500.0,3691
BELLFIELD (BANYULE),550500.0,510000.0,516000.0,582500.0,700000.0,778000.0,897000.0,879500.0,770000.0,735000.0,3081
BELMONT,345000.0,350000.0,360000.0,362000.0,395000.0,430000.0,500000.0,545000.0,545000.0,570000.0,3216
BENALLA,225000.0,216500.0,228000.0,235500.0,222500.0,231500.0,250000.0,284000.0,290000.0,260000.0,3672
BENDIGO,290000.0,335000.0,340000.0,376500.0,372000.0,400000.0,400000.0,400000.0,420000.0,432500.0,3550
BENTLEIGH,882000.0,820000.0,900000.0,1050000.0,1245000.0,1380000.0,1470000.0,1397500.0,1382500.0,1432500.0,3204
BENTLEIGH EAST,720000.0,680000.0,750000.0,850000.0,1000500.0,1115000.0,1256000.0,1205000.0,1200000.0,1261000.0,3165
BERWICK,440000.0,451000.0,453000.0,487500.0,535000.0,583000.0,670000.0,691500.0,673500.0,701500.0,3806
BEULAH,69000.0,75000.0,42500.0,101000.0,65000.0,65000.0,96000.0,120500.0,77000.0,81000.0,3395
BIRCHIP,77000.0,87500.0,120000.0,90000.0,121500.0,55000.0,100000.0,100000.0,107500.0,115000.0,3483
BITTERN,365000.0,382500.0,402000.0,390000.0,382500.0,464000.0,526500.0,650000.0,577500.0,620000.0,3918
BLACK HILL,292000.0,260000.0,283500.0,321500.0,296500.0,315000.0,370000.0,405000.0,495000.0,420000.0,3350
BLACK ROCK,1237500.0,1175000.0,1225000.0,1400000.0,1545000.0,1745000.0,2017500.0,2029000.0,1777500.0,1617500.0,3193
BLACKBURN,786000.0,750000.0,860500.0,936000.0,1200500.0,1241000.0,1410500.0,1370500.0,1300000.0,1380500.0,3130
BLACKBURN NORTH,617500.0,609000.0,692000.0,790000.0,921500.0,1040000.0,1140500.0,1038000.0,1010000.0,1116500.0,3130
BLACKBURN SOUTH,636500.0,632000.0,697500.0,780000.0,920500.0,1050000.0,1200000.0,1050000.0,1038000.0,1170000.0,3130
BLAIRGOWRIE,600000.0,580000.0,609000.0,627500.0,621500.0,770000.0,883000.0,986000.0,925000.0,955000.0,3942
BLIND BIGHT,358000.0,319000.0,362500.0,343000.0,401000.0,440000.0,514000.0,546000.0,552500.0,630000.0,3980
BONBEACH,555000.0,535000.0,580000.0,635000.0,700000.0,778000.0,882500.0,910000.0,850000.0,903000.0,3196
BONNIE DOON,215000.0,262500.0,250000.0,275000.0,290000.0,290000.0,315000.0,417500.0,420000.0,290000.0,3720
BOORT,164000.0,107000.0,157500.0,162500.0,130000.0,200500.0,215000.0,180000.0,185000.0,136500.0,3537
BORONIA,440000.0,430000.0,459500.0,500500.0,592500.0,648500.0,735000.0,742500.0,684500.0,725000.0,3155
BOTANIC RIDGE,475000.0,500000.0,492000.0,519000.0,565000.0,600000.0,690000.0,730000.0,700000.0,693000.0,3977
BOX HILL,975000.0,852000.0,855000.0,1067000.0,1350000.0,1360500.0,1752500.0,1700000.0,1528000.0,1620000.0,3128
BOX HILL NORTH,678000.0,648500.0,746000.0,856500.0,1060000.0,1146000.0,1321000.0,1188000.0,1200000.0,1272500.0,3129
BOX HILL SOUTH,770000.0,715000.0,785000.0,910000.0,1153000.0,1255000.0,1409000.0,1285500.0,1154000.0,1370000.0,3128
BRAYBROOK,443000.0,396000.0,424000.0,479500.0,550000.0,629000.0,665500.0,719000.0,630000.0,690000.0,3019
BRIAR HILL,545500.0,541000.0,572500.0,633000.0,680000.0,721500.0,833000.0,880000.0,817000.0,962000.0,3088
BRIGHT,335000.0,340000.0,325000.0,349000.0,392500.0,429500.0,495000.0,590000.0,580000.0,645000.0,3741
BRIGHTON,1720000.0,1789500.0,1802500.0,1940000.0,2302500.0,2740000.0,3050000.0,2879000.0,2600000.0,2825000.0,3186
BROADFORD,260000.0,268500.0,291000.0,267000.0,270000.0,287500.0,330000.0,396500.0,417500.0,439000.0,3658
BROADMEADOWS,357000.0,320000.0,325000.0,345000.0,370000.0,416500.0,546000.0,575000.0,526000.0,556500.0,3047
BROOKFIELD,341000.0,332000.0,330000.0,350500.0,340000.0,360000.0,425000.0,491500.0,445000.0,488500.0,3338
BROWN HILL,258500.0,300000.0,310000.0,281500.0,270000.0,338000.0,350000.0,405000.0,449000.0,439500.0,3350
BRUNSWICK,670000.0,673000.0,750000.0,815000.0,860500.0,946000.0,1200000.0,1097500.0,1030000.0,1208000.0,3056
BRUNSWICK EAST,700000.0,713000.0,767000.0,819500.0,888000.0,998000.0,1150000.0,1170000.0,995500.0,1085000.0,3057
BRUNSWICK WEST,701500.0,685000.0,745000.0,790000.0,866500.0,1005000.0,1155000.0,1160000.0,1061000.0,1096500.0,3055
BRUTHEN,204000.0,175000.0,198000.0,182500.0,205000.0,207000.0,229500.0,261000.0,229000.0,215000.0,3885
BULLEEN,722500.0,707000.0,780000.0,861000.0,1095000.0,1170000.0,1300000.0,1230000.0,1100000.0,1245000.0,3105
BUNDALONG,500000.0,385000.0,337500.0,336500.0,372500.0,425000.0,373000.0,462000.0,515000.0,425000.0,3730
BUNYIP,340000.0,342500.0,332500.0,325000.0,420000.0,357500.0,437500.0,550000.0,501000.0,470000.0,3815
BURNLEY,810000.0,797500.0,836000.0,1100000.0,999000.0,1215000.0,1405000.0,1305000.0,1188500.0,1902500.0,3121
BURNSIDE,410000.0,385000.0,390000.0,401000.0,415000.0,518500.0,572500.0,605000.0,605000.0,645000.0,3023
BURNSIDE HEIGHTS,405000.0,420000.0,427000.0,442500.0,460000.0,522000.0,590000.0,633000.0,591000.0,600000.0,3023
BURWOOD EAST,630000.0,617000.0,685500.0,782000.0,982500.0,1021000.0,1126500.0,1048000.0,1020000.0,1125500.0,3151
CAIRNLEA,478500.0,440000.0,480000.0,545000.0,540000.0,608500.0,710000.0,734000.0,752500.0,762500.0,3023
CALIFORNIA GULLY,240000.0,255000.0,252500.0,262000.0,256500.0,255000.0,250000.0,275000.0,289000.0,318000.0,3556
CAMBERWELL,1322000.0,1300000.0,1382000.0,1655000.0,1912500.0,2090000.0,2300000.0,2155000.0,2100000.0,1800000.0,3124
CAMPBELLFIELD,360000.0,330000.0,330000.0,338000.0,374500.0,420000.0,507000.0,550000.0,534500.0,500000.0,3061
CAMPBELLS CREEK,340000.0,343500.0,382000.0,345000.0,387500.0,426500.0,380000.0,460500.0,500000.0,495000.0,3451
CAMPERDOWN,180000.0,183500.0,220000.0,186000.0,218000.0,217500.0,240000.0,235000.0,280000.0,250000.0,3260
CANADIAN,298000.0,290500.0,322500.0,297000.0,345000.0,339000.0,334500.0,373000.0,377500.0,407000.0,3350
CANN RIVER,83500.0,150000.0,140000.0,120000.0,80000.0,148500.0,135000.0,126500.0,125000.0,122000.0,3890
CANTERBURY,1730000.0,1790000.0,1950000.0,2100000.0,2523000.0,2620000.0,3140000.0,2536500.0,2832500.0,2250000.0,3126
CAPE PATERSON,420000.0,348000.0,337000.0,332000.0,350000.0,358000.0,407500.0,442000.0,540000.0,659000.0,3995
CAPE SCHANCK,477500.0,655000.0,620000.0,557500.0,660000.0,667500.0,972500.0,845000.0,940000.0,1018500.0,3939
CAPEL SOUND,375000.0,330000.0,350000.0,366000.0,390000.0,445000.0,542500.0,550000.0,515000.0,625000.0,3940
CARLTON,1055000.0,860500.0,1002500.0,1020000.0,830000.0,1050000.0,1470000.0,1600000.0,1306000.0,1500000.0,3053
CARNEGIE,905500.0,845000.0,865000.0,1007500.0,1300000.0,1348500.0,1510000.0,1445000.0,1310000.0,1336000.0,3163
CAROLINE SPRINGS,420000.0,427500.0,435000.0,460000.0,480000.0,530000.0,611000.0,620000.0,620000.0,631500.0,3023
CARRUM,492500.0,499000.0,510000.0,536000.0,611000.0,750000.0,846000.0,860000.0,770000.0,900000.0,3197
CARRUM DOWNS,345000.0,334000.0,330000.0,346000.0,370000.0,430000.0,530000.0,575000.0,537500.0,577500.0,3201
CASTERTON,106500.0,110000.0,97500.0,99000.0,100000.0,126500.0,142000.0,132500.0,150000.0,169000.0,3311
CASTLEMAINE,322500.0,338000.0,372500.0,369500.0,380000.0,410000.0,435000.0,499000.0,520000.0,579000.0,3450
CAULFIELD,1150000.0,1085000.0,1172500.0,1322000.0,1650000.0,1715000.0,1914000.0,1701000.0,1658000.0,2082500.0,3162
CAULFIELD EAST,760000.0,750000.0,845000.0,1168000.0,1167500.0,1300000.0,1500000.0,1322500.0,1372500.0,1748500.0,3145
CAULFIELD NORTH,1350000.0,1330000.0,1415000.0,1480000.0,1875000.0,2181000.0,2290000.0,1960000.0,2100000.0,2205000.0,3161
CAULFIELD SOUTH,930000.0,890000.0,1050000.0,1200000.0,1375000.0,1517500.0,1690000.0,1600000.0,1488000.0,1720000.0,3162
CHADSTONE,625000.0,595000.0,719000.0,823500.0,925000.0,1017500.0,1132000.0,1050000.0,1000000.0,1229000.0,3148
CHARLEMONT,560000.0,560000.0,560000.0,560000.0,560000.0,560000.0,157000.0,455000.0,465000.0,540000.0,3217
CHARLTON,117000.0,123000.0,120000.0,131000.0,179500.0,160000.0,136000.0,150000.0,147000.0,215000.0,3525
CHELSEA,525000.0,545000.0,577500.0,580000.0,730000.0,890000.0,914000.0,905000.0,857500.0,880000.0,3196
CHELSEA HEIGHTS,454000.0,440000.0,465000.0,513000.0,598000.0,641000.0,750000.0,778000.0,750000.0,825000.0,3196
CHEWTON,255000.0,230500.0,312500.0,296000.0,369000.0,403500.0,320000.0,435000.0,439500.0,576000.0,3451
CHILTERN,202000.0,208000.0,171500.0,187500.0,220000.0,250000.0,238500.0,260000.0,223500.0,265000.0,3683
CHIRNSIDE PARK,464000.0,435500.0,450000.0,490500.0,542500.0,627000.0,735000.0,700000.0,685000.0,752500.0,3116
CHUM CREEK,402000.0,334000.0,350000.0,500000.0,435000.0,418000.0,534500.0,603000.0,575000.0,567500.0,3777
CHURCHILL,170000.0,176500.0,182000.0,178500.0,172500.0,182000.0,175000.0,180000.0,185000.0,230000.0,3842
CLARINDA,530000.0,475500.0,525000.0,606500.0,682500.0,751000.0,866000.0,800000.0,815000.0,835000.0,3169
CLAYTON,617000.0,572500.0,645000.0,750000.0,976000.0,1010500.0,1255000.0,1255000.0,1100500.0,1121000.0,3168
CLAYTON SOUTH,511000.0,470500.0,522500.0,580000.0,690000.0,755000.0,850000.0,850000.0,832000.0,736500.0,3169
CLIFTON HILL,780000.0,801500.0,865000.0,965000.0,1085000.0,1220000.0,1390000.0,1360000.0,1352500.0,1432000.0,3068
CLIFTON SPRINGS,340000.0,325000.0,336000.0,342000.0,345000.0,365000.0,419000.0,472000.0,485000.0,517000.0,3222
CLUNES,199000.0,196500.0,219000.0,237500.0,245000.0,255000.0,263000.0,345000.0,330000.0,285000.0,3370
CLYDE,515000.0,272500.0,397000.0,406000.0,397000.0,435000.0,430000.0,507500.0,549000.0,569500.0,3978
CLYDE NORTH,300000.0,395000.0,409000.0,380000.0,410000.0,491000.0,550000.0,600000.0,584500.0,596500.0,3978
COBDEN,200000.0,186500.0,162500.0,145000.0,178500.0,177000.0,263000.0,225000.0,237000.0,267500.0,3266
COBRAM,207500.0,220000.0,218000.0,230000.0,236000.0,265000.0,255000.0,255000.0,272500.0,304000.0,3644
COBURG,611000.0,594000.0,633000.0,710000.0,778000.0,876000.0,1000000.0,970000.0,931000.0,1140000.0,3058
COBURG EAST,510000.0,466500.0,560000.0,597500.0,675000.0,762500.0,861000.0,841500.0,823500.0,941000.0,3058
COCKATOO,325000.0,333500.0,355000.0,365000.0,385500.0,430000.0,539500.0,591000.0,580000.0,596000.0,3781
COHUNA,170000.0,140000.0,139000.0,175000.0,175000.0,157500.0,180000.0,177500.0,205000.0,220500.0,3568
COLAC,215000.0,225000.0,226500.0,235000.0,246500.0,259500.0,282500.0,320000.0,315000.0,339000.0,3250
COLDSTREAM,377500.0,368000.0,385000.0,405000.0,441000.0,521000.0,597500.0,660000.0,635000.0,656000.0,3770
COLERAINE,124000.0,109500.0,118000.0,95000.0,96000.0,90000.0,134000.0,114000.0,136000.0,110000.0,3315
COLLINGWOOD,697500.0,734000.0,741000.0,775000.0,914000.0,920000.0,1205000.0,1110000.0,1050000.0,1215000.0,3066
COOLAROO,304000.0,278000.0,290000.0,290000.0,302500.0,340000.0,451000.0,480000.0,441000.0,480000.0,3048
COONANS HILL,630000.0,606500.0,655000.0,732000.0,743000.0,870000.0,963000.0,927000.0,902500.0,1047500.0,Australia
COONGULLA,250000.0,156000.0,150000.0,205000.0,189000.0,185000.0,192000.0,242000.0,335000.0,310000.0,3860
CORINELLA,282500.0,290000.0,330000.0,270000.0,370000.0,325000.0,391000.0,450000.0,357500.0,660000.0,3984
CORIO,225000.0,230000.0,230000.0,242000.0,240000.0,250000.0,305000.0,370000.0,354000.0,365000.0,3214
CORONET BAY,261500.0,222500.0,251000.0,249000.0,240000.0,266000.0,325500.0,345000.0,365000.0,375000.0,3984
CORRYONG,155000.0,152500.0,166500.0,135000.0,160000.0,164000.0,180000.0,162500.0,236000.0,200000.0,3707
COWES,372500.0,380000.0,387500.0,358500.0,417500.0,402500.0,437500.0,540000.0,560000.0,525000.0,3922
COWES WEST,350000.0,345000.0,320000.0,350000.0,329000.0,353500.0,390000.0,485500.0,508500.0,472500.0,3922
CRAIGIEBURN,360000.0,350000.0,360000.0,362000.0,390000.0,425000.0,502500.0,547000.0,530000.0,545000.0,3064
CRANBOURNE,325000.0,313000.0,315000.0,331500.0,360000.0,406000.0,510000.0,540000.0,500000.0,516500.0,3977
CRANBOURNE EAST,368000.0,370000.0,390000.0,410000.0,437000.0,460000.0,535000.0,574000.0,565000.0,560000.0,3977
CRANBOURNE NORTH,361000.0,370000.0,370000.0,375000.0,410000.0,455000.0,541000.0,600000.0,570000.0,570000.0,3977
CRANBOURNE WEST,319000.0,320000.0,330000.0,335000.0,350000.0,410000.0,510500.0,540000.0,520000.0,532500.0,3977
CREMORNE,735000.0,701000.0,821000.0,886500.0,1030000.0,1072000.0,1230000.0,1420000.0,1267000.0,1665000.0,3121
CRIB POINT,330000.0,350000.0,355000.0,339000.0,350000.0,402000.0,502500.0,555000.0,527500.0,597500.0,3919
CROYDON,465000.0,450000.0,470000.0,525000.0,605000.0,695000.0,810000.0,787500.0,732500.0,762500.0,3136
CROYDON HILLS,532000.0,538000.0,571500.0,606000.0,697000.0,730000.0,875000.0,877500.0,835000.0,927500.0,3136
CROYDON NORTH,505500.0,520000.0,540500.0,600000.0,702500.0,790500.0,872000.0,840000.0,825000.0,895000.0,3136
CROYDON SOUTH,435500.0,436500.0,442000.0,530000.0,600000.0,655000.0,800000.0,757500.0,716000.0,706000.0,3136
CURLEWIS,153000.0,153000.0,387000.0,382500.0,387000.0,406500.0,430000.0,495000.0,560000.0,546000.0,3222
DALLAS,305000.0,276500.0,280000.0,295000.0,321500.0,345000.0,430000.0,490000.0,451500.0,480000.0,3047
DALYSTON,281500.0,210000.0,245000.0,260000.0,257000.0,255000.0,273500.0,305000.0,373000.0,350000.0,3992
DANDENONG,400500.0,400000.0,405000.0,439000.0,485000.0,555500.0,619000.0,640000.0,602000.0,630000.0,3175
DANDENONG NORTH,395000.0,370000.0,390000.0,415500.0,481000.0,551000.0,633500.0,640000.0,605000.0,636000.0,3175
DARLEY,325000.0,340500.0,330500.0,360000.0,377500.0,371500.0,430000.0,505000.0,520000.0,535000.0,3340
DAYLESFORD,351500.0,384500.0,385000.0,401500.0,442500.0,464000.0,502000.0,550000.0,590000.0,650000.0,3460
DEER PARK,357000.0,345000.0,348000.0,365000.0,390000.0,441000.0,552500.0,580000.0,550000.0,585000.0,3023
DELACOMBE,278500.0,285000.0,280000.0,292000.0,290000.0,319000.0,325000.0,360000.0,390000.0,368000.0,3356
DELAHEY,370000.0,360000.0,372500.0,370000.0,400000.0,458000.0,545000.0,575000.0,530000.0,602000.0,3037
DERRIMUT,418000.0,410000.0,417000.0,435000.0,466000.0,530000.0,635000.0,615000.0,649000.0,637500.0,3026
DERRINALLUM,157500.0,160000.0,97000.0,174000.0,125000.0,150000.0,162000.0,122500.0,221500.0,158500.0,3325
DIAMOND CREEK,515000.0,490000.0,513000.0,550000.0,580000.0,646500.0,755000.0,782500.0,751500.0,749500.0,3089
DINGLEY VILLAGE,540000.0,515000.0,553500.0,607000.0,690000.0,775500.0,887000.0,840500.0,810000.0,940000.0,3172
DINNER PLAIN,450000.0,410000.0,390000.0,309000.0,359000.0,400000.0,412500.0,510000.0,520000.0,452500.0,3898
DONALD,165000.0,104000.0,140000.0,120000.0,125000.0,145000.0,122000.0,145000.0,135500.0,154500.0,3480
DONCASTER,770000.0,720000.0,850000.0,999000.0,1176000.0,1297500.0,1380000.0,1300000.0,1251500.0,1260000.0,3108
DONCASTER EAST,720000.0,682000.0,789000.0,894500.0,1113500.0,1230000.0,1357500.0,1221500.0,1190000.0,1317500.0,3109
DONVALE,712500.0,681000.0,735000.0,840000.0,964000.0,970000.0,1201000.0,1182500.0,1121000.0,1360000.0,3111
DOVETON,322000.0,290000.0,302000.0,310500.0,348000.0,405000.0,490000.0,542500.0,470000.0,494000.0,3177
DROMANA,455000.0,451000.0,462000.0,492000.0,552000.0,583000.0,690000.0,785500.0,715500.0,680000.0,3936
DROUIN,289000.0,290000.0,300000.0,311000.0,320000.0,347000.0,390000.0,455000.0,440000.0,470000.0,3818
DRYSDALE,425000.0,360000.0,385000.0,405000.0,410000.0,409000.0,436000.0,510000.0,572500.0,615000.0,3222
EAGLE POINT,301500.0,237000.0,227000.0,281500.0,335000.0,267500.0,250000.0,309000.0,360000.0,425000.0,3878
EAGLEHAWK,240000.0,260000.0,264000.0,274000.0,283000.0,270000.0,295000.0,315000.0,321500.0,335000.0,3556
EAGLEMONT,1500000.0,1343500.0,1340000.0,1522500.0,1730000.0,1895500.0,1963000.0,1950000.0,1799000.0,1777500.0,3084
EAST BAIRNSDALE,176500.0,190000.0,226000.0,160000.0,202500.0,212500.0,222000.0,225000.0,235000.0,335000.0,3875
EAST BENDIGO,267000.0,295000.0,285000.0,330000.0,300000.0,303500.0,335000.0,318000.0,390000.0,387000.0,3550
EAST GEELONG,400000.0,395000.0,450000.0,427000.0,440000.0,512500.0,600000.0,637000.0,625000.0,760000.0,3219
EAST MELBOURNE,1737500.0,2480000.0,1790000.0,1850000.0,2750000.0,3655000.0,3585000.0,2675000.0,3413500.0,2350000.0,3002
EAST WARBURTON,332500.0,282500.0,289500.0,275000.0,305000.0,369000.0,392500.0,428500.0,446500.0,544500.0,3799
EASTWOOD,334000.0,332000.0,335000.0,342000.0,335000.0,357500.0,380000.0,385000.0,410000.0,395000.0,3875
ECHUCA,278000.0,270000.0,285000.0,285000.0,300000.0,310000.0,320000.0,365000.0,370000.0,382000.0,3564
EDITHVALE,590000.0,625000.0,615000.0,670000.0,766000.0,930000.0,1058500.0,1047500.0,954000.0,1125000.0,3196
ELLIMINYT,260000.0,323000.0,332000.0,313000.0,318000.0,364000.0,366500.0,385000.0,445000.0,380000.0,3250
ELMORE,188000.0,160000.0,184000.0,176000.0,200000.0,220000.0,162000.0,227500.0,235000.0,235000.0,3558
ELSTERNWICK,1200000.0,1155000.0,1365000.0,1315000.0,1621000.0,1723500.0,2087500.0,1955000.0,1750000.0,2001000.0,3185
ELTHAM,625000.0,591500.0,631500.0,670000.0,750000.0,820000.0,930000.0,942500.0,925000.0,897500.0,3095
ELWOOD,1150000.0,1287500.0,1346000.0,1412500.0,1631000.0,1830000.0,1900000.0,2140000.0,1952500.0,1750000.0,3184
ENDEAVOUR HILLS,400000.0,390000.0,400000.0,432000.0,496500.0,550000.0,630500.0,651000.0,620000.0,676000.0,3802
EPPING,385000.0,365000.0,366500.0,386500.0,400000.0,455000.0,557500.0,600000.0,550000.0,560000.0,3076
EPSOM,325000.0,315000.0,322500.0,342500.0,340000.0,340000.0,352000.0,357000.0,371500.0,410000.0,3551
ESSENDON,895000.0,920000.0,870000.0,942000.0,1228000.0,1365000.0,1408500.0,1666000.0,1447000.0,1175000.0,3040
ESSENDON NORTH,875500.0,686000.0,725000.0,840000.0,808000.0,875000.0,1105000.0,1092500.0,1100000.0,1327500.0,3041
ESSENDON WEST,742500.0,720000.0,720000.0,785000.0,920000.0,962500.0,1296000.0,1221000.0,1160000.0,995000.0,3040
EUMEMMERRING,350000.0,327500.0,353000.0,365000.0,408500.0,450500.0,517500.0,622000.0,540000.0,556500.0,3177
EUREKA,257500.0,237000.0,243500.0,259000.0,247500.0,275000.0,251500.0,315500.0,360000.0,315000.0,3350
EUROA,185000.0,215000.0,208000.0,230000.0,235500.0,265000.0,239000.0,270000.0,309000.0,327500.0,3666
FAIRHAVEN,715000.0,990000.0,785000.0,955000.0,897500.0,1052500.0,880000.0,1020000.0,1395000.0,1400000.0,3231
FERNTREE GULLY,430500.0,429500.0,451000.0,505000.0,599000.0,660000.0,749000.0,732500.0,692000.0,742000.0,3156
FERNY CREEK,525000.0,456000.0,497500.0,492500.0,621000.0,750000.0,798000.0,830000.0,733000.0,925000.0,3786
FINGAL,700000.0,600000.0,677500.0,730000.0,857500.0,840000.0,1000000.0,1350000.0,1240000.0,1415000.0,3939
FITZROY,880000.0,918500.0,945000.0,1130000.0,1300000.0,1600000.0,1625000.0,1450000.0,1392500.0,1135500.0,3065
FIVEWAYS,290000.0,343500.0,355000.0,315000.0,380000.0,417500.0,525000.0,542500.0,485000.0,490000.0,Australia
FLINDERS,822000.0,710000.0,765000.0,808000.0,839000.0,1225000.0,1525000.0,1697500.0,1670000.0,1300000.0,3929
FLORA HILL,285000.0,309000.0,310000.0,323500.0,321000.0,325000.0,335000.0,352500.0,370000.0,389000.0,3550
FOOTSCRAY,568000.0,568000.0,600000.0,645000.0,690500.0,775000.0,882000.0,899000.0,810000.0,920000.0,3011
FOREST HILL,560000.0,565000.0,650500.0,720500.0,892000.0,933500.0,1060000.0,935000.0,900000.0,1004000.0,3131
FOSTER,265000.0,269500.0,298000.0,315000.0,325000.0,315000.0,320000.0,333500.0,325000.0,362500.0,3960
FRANKSTON,357000.0,340000.0,350000.0,372000.0,426000.0,475000.0,600000.0,605000.0,580500.0,611500.0,3199
FRANKSTON NORTH,277000.0,245000.0,255000.0,269000.0,297000.0,352000.0,470000.0,502000.0,423000.0,455000.0,3200
FRANKSTON SOUTH,533500.0,510000.0,535000.0,560000.0,620000.0,690000.0,815500.0,855000.0,817500.0,785000.0,3199
FYANSFORD,425000.0,310000.0,386500.0,478000.0,688000.0,592500.0,610000.0,650000.0,617500.0,750000.0,3218
GARFIELD,345000.0,335000.0,405000.0,355000.0,370000.0,405000.0,419000.0,540000.0,540000.0,585000.0,3814
GEELONG,475000.0,463000.0,500000.0,512000.0,607500.0,590000.0,735000.0,750000.0,720000.0,750000.0,3220
GEELONG WEST,405000.0,410000.0,440000.0,469000.0,490000.0,543500.0,656500.0,711000.0,675000.0,780000.0,3218
GEMBROOK,385000.0,349000.0,344000.0,400000.0,440000.0,525000.0,565000.0,610000.0,650000.0,630000.0,3783
GISBORNE,430000.0,429500.0,496000.0,510000.0,550000.0,635000.0,655000.0,770000.0,730000.0,720000.0,3437
GLADSTONE PARK,385000.0,380000.0,392500.0,400000.0,460000.0,525000.0,645000.0,630000.0,636500.0,660000.0,3043
GLEN WAVERLEY,718000.0,720000.0,815000.0,960000.0,1212500.0,1220500.0,1340000.0,1300000.0,1270000.0,1235000.0,3150
GLENROY,457500.0,437500.0,454000.0,500000.0,560000.0,600000.0,740000.0,725000.0,700000.0,740000.0,3046
GOLDEN BEACH,229000.0,206000.0,169500.0,172500.0,180000.0,212500.0,209500.0,225500.0,220000.0,310000.0,3851
GOLDEN POINT (BALLARAT),258000.0,250000.0,265000.0,265000.0,259000.0,295000.0,305000.0,347500.0,370000.0,385000.0,3350
GOLDEN SQUARE,270000.0,285000.0,295000.0,305000.0,306000.0,315000.0,320000.0,334000.0,340000.0,352000.0,3555
GORDON,300000.0,229500.0,278500.0,303000.0,290000.0,330000.0,404000.0,402500.0,495000.0,649500.0,3345
GOUGHS BAY,180000.0,220000.0,257500.0,247500.0,265000.0,235000.0,257500.0,345500.0,299500.0,500000.0,3723
GOWANBRAE,555500.0,467500.0,616500.0,557500.0,573000.0,619000.0,790000.0,727500.0,700500.0,820000.0,3043
GRANTVILLE,235000.0,245000.0,215000.0,255000.0,250000.0,272500.0,339500.0,402500.0,397500.0,421000.0,3984
GREEN LAKE,247500.0,250000.0,262500.0,254500.0,281500.0,305000.0,280000.0,270000.0,290000.0,361000.0,Australia
GREENVALE,545000.0,537000.0,550000.0,539500.0,500000.0,510000.0,650000.0,720000.0,715000.0,728000.0,3059
GROVEDALE,345000.0,340000.0,352000.0,362000.0,370000.0,400000.0,432000.0,495000.0,505000.0,551500.0,3216
HADFIELD,486000.0,430000.0,461500.0,500000.0,550000.0,624500.0,740500.0,740000.0,727500.0,712500.0,3046
HALLAM,360000.0,360000.0,362500.0,380000.0,424000.0,460500.0,580000.0,630000.0,560000.0,590000.0,3803
HAMILTON,217500.0,189000.0,192500.0,200000.0,200000.0,217000.0,190000.0,225000.0,208500.0,250000.0,3300
HAMLYN HEIGHTS,348000.0,339500.0,363500.0,366500.0,382500.0,415000.0,500000.0,545000.0,540000.0,560000.0,3215
HAMPTON,1282500.0,1200000.0,1270000.0,1340000.0,1650000.0,1800000.0,2022500.0,1905000.0,1896000.0,1650000.0,3188
HAMPTON EAST,747500.0,732500.0,770000.0,862500.0,1020000.0,1200000.0,1340000.0,1230000.0,1195000.0,1252500.0,3188
HAMPTON PARK,335000.0,320000.0,330000.0,337500.0,370000.0,410000.0,505000.0,550000.0,502000.0,532000.0,3976
HARKNESS,336500.0,329000.0,330000.0,340000.0,350000.0,360000.0,419500.0,485000.0,475000.0,470000.0,3337
HASTINGS,350000.0,347000.0,345000.0,368000.0,365000.0,400000.0,507500.0,519500.0,506000.0,555000.0,3915
HASTINGS WEST,272000.0,282500.0,280000.0,277000.0,289500.0,338000.0,425000.0,480000.0,430000.0,561000.0,3915
HAWTHORN,1330000.0,1405000.0,1575000.0,1606500.0,1916500.0,2240000.0,2650000.0,2488000.0,2195500.0,2578000.0,3122
HAWTHORN EAST,1250500.0,1300000.0,1247500.0,1554000.0,1850000.0,1890000.0,2350000.0,2215000.0,2050000.0,1857500.0,3123
HEALESVILLE,380000.0,380000.0,385500.0,400000.0,445000.0,457000.0,550000.0,601000.0,579500.0,574000.0,3777
HEATHCOTE,200000.0,220000.0,227500.0,260000.0,240000.0,268500.0,275000.0,310000.0,332500.0,357500.0,3523
HEATHERTON,632000.0,630000.0,630000.0,712000.0,771000.0,845000.0,981000.0,935000.0,965000.0,890000.0,3202
HEATHMONT,509000.0,525000.0,589000.0,638000.0,760000.0,789000.0,925000.0,932000.0,871000.0,910000.0,3135
HEIDELBERG,770000.0,750000.0,772500.0,840500.0,1060000.0,1150000.0,1280000.0,1107500.0,1122500.0,1302000.0,3084
HEIDELBERG HEIGHTS,537500.0,500000.0,536500.0,564500.0,676500.0,750000.0,843000.0,820000.0,777500.0,752500.0,3081
HEIDELBERG WEST,420000.0,400000.0,425500.0,461000.0,580000.0,630000.0,730500.0,700000.0,665000.0,790000.0,3081
HEPBURN,310000.0,275000.0,291000.0,330000.0,395000.0,375000.0,440000.0,425000.0,452500.0,485000.0,3461
HEPBURN SPRINGS,308000.0,310000.0,340000.0,350000.0,380000.0,414000.0,515000.0,490000.0,595000.0,559000.0,3461
HERNE HILL,325000.0,321000.0,350000.0,357000.0,368500.0,402000.0,490000.0,550000.0,534000.0,560000.0,3218
HEYFIELD,175000.0,171500.0,200000.0,180000.0,182500.0,195000.0,178500.0,206500.0,195000.0,227500.0,3858
HEYWOOD,167500.0,153000.0,142000.0,150000.0,173000.0,160000.0,164000.0,166000.0,178000.0,176500.0,3304
HIGHTON,450000.0,460000.0,477500.0,510000.0,505000.0,555000.0,622500.0,681000.0,690000.0,697000.0,3216
HOPETOUN,55500.0,81000.0,88000.0,95500.0,75000.0,80000.0,92000.0,86000.0,66000.0,142500.0,3396
HOPPERS CROSSING,328000.0,312500.0,321500.0,340000.0,365500.0,415000.0,516000.0,552000.0,528500.0,545000.0,3029
HORSHAM,210000.0,220000.0,215000.0,215000.0,240000.0,245000.0,262500.0,255000.0,269000.0,260000.0,3400
HUGHESDALE,740000.0,741500.0,820000.0,856000.0,1165000.0,1222500.0,1420000.0,1277500.0,1150500.0,1480000.0,3166
HUNTINGDALE,610000.0,590000.0,659000.0,728000.0,835000.0,924500.0,1132000.0,1010000.0,914000.0,1278000.0,3166
HUNTLY,250000.0,215000.0,337500.0,325000.0,355000.0,340000.0,335000.0,357500.0,367500.0,372500.0,3551
HURSTBRIDGE,457500.0,445000.0,482000.0,482000.0,547500.0,614500.0,714000.0,731000.0,700000.0,740000.0,3099
INDENTED HEAD,347000.0,430000.0,390000.0,385000.0,382500.0,395000.0,455000.0,575500.0,606000.0,728500.0,3223
INGLEWOOD,208500.0,186500.0,160000.0,145000.0,200000.0,152500.0,182500.0,180000.0,185000.0,250000.0,3517
INVERMAY PARK,363500.0,370000.0,378000.0,387000.0,405000.0,377500.0,391000.0,465000.0,475000.0,497000.0,3350
IRONBARK,287000.0,280000.0,277000.0,280000.0,292500.0,365000.0,280000.0,320000.0,296000.0,465500.0,3550
IRYMPLE,228000.0,215000.0,248000.0,228500.0,268000.0,255000.0,291000.0,310000.0,380000.0,365000.0,3498
IVANHOE,980000.0,907500.0,1100000.0,1203000.0,1125000.0,1400000.0,1515000.0,1600000.0,1540000.0,1422500.0,3079
IVANHOE EAST,1300000.0,1200000.0,1310000.0,1513000.0,1542500.0,1764500.0,1975000.0,1914000.0,1765000.0,1990000.0,3079
JACANA,345000.0,310500.0,334000.0,342500.0,375000.0,423000.0,571500.0,555000.0,512500.0,510000.0,3047
JACKASS FLAT,255000.0,357500.0,287500.0,360000.0,350500.0,345500.0,299000.0,310000.0,331500.0,345000.0,3556
JAMIESON,215000.0,267500.0,205000.0,210000.0,258500.0,220000.0,266500.0,265000.0,311500.0,345000.0,3723
JAN JUC,587500.0,570000.0,555000.0,595000.0,615000.0,716000.0,850000.0,905000.0,870000.0,860000.0,3228
JEERALANG NORTH,129000.0,159500.0,145500.0,187500.0,175000.0,140000.0,248000.0,169500.0,235000.0,296000.0,3840
JEPARIT,101500.0,59000.0,80500.0,63000.0,89000.0,124000.0,66500.0,77000.0,81000.0,88000.0,3423
JUNCTION VILLAGE,287500.0,300000.0,312000.0,320000.0,370000.0,389000.0,436000.0,509000.0,483500.0,467500.0,3977
JUNORTOUN,425000.0,465000.0,490000.0,508500.0,417500.0,490000.0,512500.0,506500.0,530000.0,589000.0,3551
KALIMNA,312500.0,268000.0,230000.0,285000.0,300000.0,270000.0,276500.0,326500.0,292500.0,325000.0,3909
KALKALLO,375000.0,272500.0,450000.0,450000.0,180000.0,432500.0,529500.0,550000.0,532500.0,540000.0,3064
KALLISTA,482000.0,452500.0,425000.0,465000.0,523000.0,567500.0,676000.0,737500.0,700000.0,564000.0,3791
KALORAMA,440000.0,420000.0,442500.0,451000.0,496000.0,533000.0,670000.0,686500.0,645000.0,642000.0,3766
KANGAROO FLAT,270000.0,284500.0,292500.0,300000.0,303000.0,300000.0,310000.0,325000.0,340000.0,370000.0,3555
KANGAROO GROUND SOUTH,606500.0,631000.0,615000.0,655000.0,650000.0,670000.0,853500.0,930000.0,815500.0,1080000.0,3097
KEALBA,372500.0,375000.0,370000.0,390000.0,400000.0,470000.0,595000.0,612000.0,596000.0,600000.0,3021
KEILOR DOWNS,405000.0,400000.0,403500.0,429000.0,496500.0,562000.0,667500.0,664000.0,630000.0,650000.0,3038
KEILOR PARK,501000.0,480000.0,455000.0,512500.0,565000.0,650000.0,741000.0,770000.0,708000.0,660000.0,3042
KENNINGTON,306000.0,300000.0,351500.0,345000.0,334000.0,355000.0,372000.0,383500.0,373500.0,411000.0,3550
KENSINGTON,650000.0,650000.0,690000.0,730000.0,822000.0,908000.0,1022500.0,1020000.0,980000.0,1150000.0,3031
KERANG,150000.0,150000.0,152000.0,145000.0,152000.0,167000.0,160000.0,177000.0,170000.0,160000.0,3579
KEW,1650000.0,1500000.0,1751000.0,1950000.0,2080000.0,2200000.0,2320000.0,2337500.0,2255000.0,2200000.0,3101
KEW EAST,1056000.0,1005000.0,1210000.0,1314000.0,1600000.0,1655000.0,1876000.0,1800000.0,1837000.0,1905000.0,3102
KEW NORTH,1071000.0,995500.0,1260000.0,1301000.0,1665000.0,1805000.0,1905000.0,1852500.0,1833000.0,2307500.0,3101
KEYSBOROUGH,430000.0,425000.0,435000.0,456500.0,559500.0,650000.0,745000.0,768000.0,740000.0,745000.0,3173
KIALLA,360000.0,318500.0,360000.0,365000.0,367500.0,374000.0,390000.0,418000.0,450000.0,420000.0,3631
KILCUNDA,330000.0,350000.0,375000.0,320000.0,400000.0,480000.0,504000.0,496000.0,533000.0,662000.0,3995
KILLARA (WODONGA),212500.0,116500.0,351000.0,344000.0,360000.0,425000.0,400000.0,420000.0,453500.0,413000.0,3691
KILMORE,325000.0,312000.0,327500.0,319000.0,336500.0,333000.0,387500.0,440000.0,435000.0,467500.0,3764
KILSYTH SOUTH,520000.0,501000.0,542500.0,575000.0,676000.0,738000.0,845000.0,826000.0,761500.0,848000.0,3137
KINGS PARK,330000.0,324000.0,315000.0,325000.0,355000.0,415000.0,532500.0,550000.0,510000.0,537500.0,3021
KINGSBURY,475000.0,437500.0,470000.0,502500.0,560000.0,610000.0,731000.0,730000.0,660000.0,700500.0,3083
KINGSVILLE,599500.0,597500.0,635000.0,703500.0,785000.0,925000.0,1020000.0,990000.0,1010000.0,875000.0,3012
KNOXFIELD,480000.0,465000.0,500000.0,580000.0,681000.0,740000.0,870000.0,815000.0,760000.0,829000.0,3180
KOO WEE RUP,334500.0,320000.0,315000.0,335000.0,345000.0,400000.0,450000.0,510000.0,550000.0,510000.0,3981
KOONDROOK,150000.0,165000.0,147500.0,155000.0,198500.0,165000.0,247500.0,268000.0,212500.0,215000.0,3580
KOROIT,266000.0,290000.0,275000.0,300000.0,296000.0,294000.0,325000.0,349000.0,345000.0,341000.0,3282
KORUMBURRA,237500.0,240000.0,236000.0,222500.0,262500.0,257500.0,292000.0,317500.0,319000.0,378000.0,3950
KURUNJANG,300000.0,281000.0,287000.0,280000.0,289500.0,310000.0,370000.0,435500.0,420500.0,440000.0,3337
KYNETON,370000.0,370000.0,369000.0,400000.0,425500.0,455000.0,495000.0,550000.0,595000.0,620000.0,3444
LAKE BOGA,212500.0,200000.0,200000.0,143500.0,245000.0,222500.0,182500.0,220000.0,239000.0,211500.0,3584
LAKE GARDENS,400500.0,385000.0,445000.0,445000.0,461000.0,485000.0,461500.0,575000.0,552500.0,635000.0,3355
LAKE TYERS BEACH,285000.0,274000.0,270000.0,354000.0,330000.0,268500.0,362500.0,300000.0,357500.0,400000.0,3909
LAKE WENDOUREE,627500.0,545000.0,634000.0,650000.0,685000.0,700000.0,790000.0,775000.0,836500.0,995000.0,3350
LAKES ENTRANCE,300000.0,251500.0,269500.0,254000.0,255500.0,280000.0,281500.0,328000.0,310000.0,320000.0,3909
LALOR,380000.0,360500.0,365000.0,385000.0,445000.0,499500.0,625500.0,625000.0,590500.0,627500.0,3075
LANCEFIELD,321000.0,315000.0,377500.0,362000.0,360000.0,360000.0,415000.0,456000.0,500000.0,510000.0,3435
LANGWARRIN,387500.0,375000.0,385000.0,420000.0,450000.0,503000.0,600000.0,642500.0,617500.0,644000.0,3910
LARA,327500.0,335000.0,350000.0,340000.0,348000.0,355000.0,430000.0,515000.0,495000.0,552500.0,3212
LARA LAKE,355000.0,355000.0,363500.0,398000.0,375000.0,395000.0,450500.0,527000.0,540000.0,542000.0,Victoria
LAUNCHING PLACE,343500.0,340000.0,330000.0,337500.0,366000.0,435000.0,490000.0,531000.0,554000.0,520000.0,3139
LEARMONTH,260000.0,245000.0,220000.0,253500.0,222500.0,250000.0,315000.0,327000.0,331000.0,307000.0,3352
LENEVA,362000.0,382000.0,361500.0,372500.0,370500.0,376000.0,397500.0,387500.0,426000.0,455000.0,3691
LEONGATHA,282500.0,289000.0,300000.0,295500.0,305000.0,305000.0,320000.0,360000.0,367000.0,386000.0,3953
LEOPOLD,340000.0,350000.0,360000.0,366500.0,365000.0,407000.0,447000.0,500500.0,510000.0,540000.0,3224
LILYDALE,456000.0,420000.0,469000.0,480000.0,534000.0,633500.0,710500.0,708000.0,680000.0,708500.0,3140
LISMORE,145000.0,132500.0,110000.0,109000.0,115000.0,141500.0,155000.0,132500.0,144500.0,237500.0,3324
LOCH SPORT,165000.0,165000.0,166000.0,153500.0,145000.0,178000.0,182000.0,230000.0,244000.0,220000.0,3851
LONG GULLY,220000.0,220000.0,230000.0,255000.0,244000.0,240000.0,257000.0,269000.0,280000.0,269500.0,3550
LORNE,840000.0,800000.0,840000.0,815000.0,895000.0,765000.0,1150000.0,1275000.0,1295000.0,1625000.0,3232
LOVELY BANKS,385500.0,402000.0,360500.0,406500.0,388500.0,470000.0,460000.0,525000.0,570000.0,445000.0,3213
LOWER PLENTY,587500.0,615000.0,680500.0,675000.0,770000.0,900000.0,980000.0,1055000.0,905000.0,1491500.0,3093
LUCKNOW,247500.0,200000.0,235000.0,229000.0,230000.0,244500.0,261500.0,280000.0,275000.0,502500.0,3875
LYNBROOK,424500.0,415000.0,430000.0,460000.0,500000.0,542500.0,595000.0,640000.0,623000.0,617500.0,3975
MADDINGLEY,300000.0,308000.0,316500.0,320000.0,332500.0,346000.0,395000.0,442000.0,460000.0,515000.0,3340
MAFFRA,230000.0,235000.0,229000.0,215000.0,230000.0,258000.0,251500.0,261500.0,255000.0,293000.0,3860
MAIDEN GULLY,408500.0,422500.0,440000.0,415000.0,430000.0,477000.0,471000.0,495500.0,512500.0,480000.0,3551
MAIDSTONE,540000.0,499000.0,535000.0,587500.0,630000.0,694000.0,825000.0,800000.0,779000.0,715000.0,3012
MALDON,267500.0,272500.0,315000.0,325000.0,339000.0,395000.0,426500.0,420000.0,510000.0,395000.0,3463
MALLACOOTA,263000.0,267500.0,285000.0,285000.0,288500.0,325000.0,345000.0,290000.0,406500.0,402500.0,3892
MALVERN,1542500.0,1550000.0,1508500.0,1946000.0,2230000.0,2328500.0,2750000.0,2661000.0,2550000.0,2355000.0,3144
MALVERN EAST,1120000.0,1039000.0,1200000.0,1380000.0,1610000.0,1729000.0,1838500.0,1900000.0,1770000.0,1610000.0,3145
MANANGATANG,40000.0,78000.0,58500.0,64000.0,42500.0,44500.0,40000.0,82000.0,97000.0,110000.0,3546
MANIFOLD HEIGHTS,449000.0,425000.0,532500.0,489000.0,489500.0,620000.0,721500.0,785500.0,715000.0,1437500.0,3218
MANOR LAKES,360000.0,345000.0,340500.0,360000.0,385000.0,417500.0,490000.0,526000.0,535000.0,555000.0,3024
MANSFIELD,301500.0,315000.0,364000.0,347000.0,367500.0,359000.0,385000.0,430000.0,456000.0,394000.0,3722
MARENGO,502500.0,450000.0,750000.0,382500.0,577500.0,599000.0,670000.0,597500.0,687500.0,810000.0,3233
MARIBYRNONG,645000.0,646000.0,714000.0,750500.0,837500.0,940000.0,1056000.0,1028500.0,987500.0,955000.0,3032
MARSHALL,322500.0,365000.0,360000.0,382500.0,377000.0,400000.0,430000.0,468000.0,486500.0,465000.0,3216
MARYBOROUGH,180000.0,184000.0,194000.0,200000.0,192500.0,206500.0,194000.0,229500.0,235500.0,245000.0,3465
MCCRAE,623000.0,555000.0,530000.0,535000.0,597500.0,689000.0,775000.0,847500.0,795000.0,770000.0,3938
MCKENZIE HILL,394000.0,465000.0,397000.0,140000.0,429500.0,475000.0,471500.0,495000.0,536500.0,538000.0,3451
MCKINNON,925000.0,944000.0,1025000.0,1220000.0,1500000.0,1657500.0,1720000.0,1555000.0,1525000.0,1875000.0,3204
MEADOW HEIGHTS,321500.0,315000.0,317000.0,322500.0,350500.0,370000.0,451000.0,510000.0,472500.0,481500.0,3048
MELTON SOUTH,247000.0,230000.0,230000.0,238000.0,260000.0,275500.0,377000.0,417000.0,390000.0,400500.0,3338
MELTON WEST,300000.0,283000.0,285500.0,290000.0,295000.0,330000.0,409000.0,453000.0,424000.0,475000.0,3337
MENTONE,692500.0,665000.0,705000.0,810000.0,950000.0,982500.0,1097500.0,1080000.0,1028000.0,972500.0,3194
MERBEIN,157000.0,142500.0,140500.0,167000.0,180000.0,170000.0,183500.0,180000.0,210000.0,198500.0,3505
MERINDA PARK,305000.0,285000.0,310000.0,310000.0,345000.0,385000.0,471500.0,523000.0,477000.0,545000.0,Victoria
MERNDA,397000.0,374500.0,375000.0,370000.0,410000.0,430000.0,525500.0,573500.0,552000.0,535000.0,3754
METUNG,267500.0,350000.0,337500.0,287500.0,299000.0,360000.0,347500.0,371500.0,425000.0,450000.0,3904
MIDDLE PARK,1345000.0,1420500.0,1587500.0,2125000.0,2317000.0,2238500.0,2370000.0,2650000.0,2705000.0,3555000.0,3206
MILDURA,222000.0,225000.0,225500.0,245000.0,252000.0,260000.0,264000.0,281500.0,310000.0,317500.0,3500
MILL PARK,410000.0,405000.0,408000.0,430500.0,480000.0,560000.0,668500.0,657000.0,654000.0,681000.0,3082
MILLGROVE,235000.0,235000.0,245000.0,260000.0,275000.0,293500.0,343000.0,411000.0,415000.0,440000.0,3799
MINERS REST,339000.0,325000.0,330000.0,327500.0,335000.0,334000.0,370000.0,400000.0,428000.0,434000.0,3352
MINYIP,82500.0,81000.0,73500.0,95000.0,93000.0,82500.0,94000.0,81000.0,114500.0,95000.0,3392
MITCHAM,595000.0,584500.0,650000.0,730000.0,886000.0,941000.0,1070000.0,1000000.0,942000.0,1085500.0,3132
MITCHELL PARK,247500.0,270000.0,267000.0,267500.0,260000.0,259000.0,263000.0,304500.0,313000.0,325000.0,3355
MONBULK,392500.0,380000.0,395000.0,425000.0,471500.0,521500.0,608000.0,650000.0,630000.0,633500.0,3793
MONT ALBERT NORTH,850500.0,780000.0,995000.0,1100000.0,1400000.0,1490000.0,1565000.0,1435000.0,1380000.0,1720000.0,3129
MONTMORENCY,560000.0,561000.0,570000.0,614000.0,732000.0,780500.0,890000.0,926000.0,856000.0,904500.0,3094
MONTROSE,435000.0,426000.0,445000.0,476500.0,559000.0,625000.0,700500.0,737500.0,707500.0,711000.0,3765
MOONEE PONDS,780500.0,775000.0,830500.0,920000.0,1006000.0,1110500.0,1310000.0,1360000.0,1300000.0,1300000.0,3039
MOORABBIN,657000.0,631000.0,682000.0,768000.0,855000.0,980000.0,1160000.0,1127500.0,1050000.0,1211000.0,3189
MOOROOLBARK,435000.0,425000.0,440000.0,465000.0,558500.0,620000.0,726000.0,720000.0,670000.0,710500.0,3138
MOOROOPNA,215000.0,217500.0,207500.0,215000.0,230000.0,215500.0,225000.0,230000.0,249000.0,265000.0,3629
MORDIALLOC,660000.0,642500.0,680000.0,755000.0,850000.0,933000.0,1120000.0,1046500.0,1010000.0,1390000.0,3195
MORNINGTON,525000.0,501500.0,525000.0,558000.0,641000.0,745000.0,800000.0,850000.0,800000.0,825000.0,3931
MORTLAKE,146000.0,152000.0,129500.0,152500.0,120000.0,152000.0,170000.0,165000.0,164000.0,160000.0,3272
MORWELL,158500.0,150500.0,160000.0,150000.0,150000.0,153000.0,170000.0,167000.0,180000.0,177000.0,3840
MOUNT BEAUTY,173000.0,140000.0,180000.0,200000.0,189500.0,183000.0,258000.0,267500.0,294000.0,290000.0,3699
MOUNT CLEAR,287000.0,305000.0,286000.0,288000.0,322500.0,345000.0,345000.0,379000.0,396500.0,415000.0,3350
MOUNT DANDENONG,447500.0,476500.0,450000.0,610000.0,612500.0,641000.0,847000.0,647500.0,662000.0,785000.0,3767
MOUNT ELIZA,725000.0,680000.0,750000.0,777500.0,832000.0,950000.0,1137500.0,1220000.0,1157500.0,1280000.0,3930
MOUNT EVELYN,400000.0,393000.0,406000.0,428500.0,493500.0,551000.0,640000.0,671500.0,636000.0,705500.0,3796
MOUNT HELEN,355000.0,325000.0,344000.0,368000.0,342000.0,355000.0,376000.0,420000.0,418500.0,472500.0,3350
MOUNT MACEDON,512500.0,543000.0,662500.0,600000.0,635000.0,750000.0,665000.0,859000.0,775000.0,1036000.0,3441
MOUNT MARTHA,690000.0,715500.0,727500.0,745000.0,780000.0,965000.0,1050000.0,1202500.0,1252500.0,1230000.0,3934
MOUNT PLEASANT,248500.0,259000.0,276500.0,269500.0,293500.0,297500.0,293000.0,350000.0,377500.0,400000.0,3350
MOUNT WAVERLEY,745000.0,733000.0,820000.0,950000.0,1268000.0,1265000.0,1420000.0,1320000.0,1267000.0,1350000.0,3149
MULGRAVE,531000.0,533000.0,577500.0,627000.0,765500.0,786000.0,900500.0,860000.0,840000.0,928000.0,3170
MURCHISON,165000.0,183000.0,186000.0,155000.0,165000.0,187000.0,254500.0,225000.0,244500.0,358500.0,3610
MURRUMBEENA,822000.0,785000.0,870000.0,982500.0,1204000.0,1286000.0,1420000.0,1350000.0,1241500.0,1495000.0,3163
MURTOA,133000.0,108500.0,95000.0,110000.0,91000.0,97500.0,115000.0,110000.0,119000.0,132500.0,3390
MYRTLEFORD,219000.0,220000.0,220000.0,245000.0,242000.0,270500.0,265000.0,295000.0,315000.0,327500.0,3737
NAGAMBIE,248000.0,255000.0,312500.0,378000.0,360500.0,336000.0,330000.0,385000.0,414000.0,425000.0,3608
NARRE WARREN,364000.0,356000.0,370000.0,386000.0,430000.0,487500.0,590000.0,615500.0,590000.0,602500.0,3805
NARRE WARREN NORTH,730000.0,660000.0,685000.0,822500.0,773000.0,900000.0,1108000.0,1180000.0,1075000.0,1185000.0,3804
NARRE WARREN SOUTH,405000.0,405000.0,410000.0,440000.0,476000.0,530000.0,620000.0,636500.0,625000.0,643000.0,3805
NATHALIA,150000.0,205000.0,165000.0,190500.0,178000.0,185000.0,232500.0,210000.0,229000.0,227500.0,3638
NATIMUK,142500.0,116000.0,166000.0,145000.0,161000.0,165500.0,249500.0,158500.0,148500.0,370000.0,3409
NEERIM SOUTH,260000.0,265000.0,340000.0,336500.0,280000.0,330000.0,320000.0,406500.0,394000.0,655000.0,3831
NELSON,240000.0,205000.0,224000.0,203500.0,257500.0,220000.0,249500.0,255000.0,247500.0,210000.0,3292
NERRINA,387000.0,467500.0,455000.0,482500.0,522500.0,517500.0,570000.0,575000.0,617500.0,625000.0,3350
NEW GISBORNE,492000.0,475000.0,500000.0,510000.0,498000.0,545000.0,625000.0,757500.0,695000.0,715000.0,3438
NEWBOROUGH,186000.0,213500.0,213000.0,215000.0,220000.0,224500.0,220000.0,250000.0,256000.0,252000.0,3825
NEWCOMB,275000.0,275000.0,280000.0,292000.0,290500.0,310000.0,375000.0,455000.0,435000.0,464000.0,3219
NEWINGTON,290000.0,300000.0,320000.0,341000.0,345000.0,372500.0,422500.0,465000.0,495000.0,585000.0,3350
NEWLANDS ARM,332000.0,325000.0,320000.0,302000.0,332500.0,380000.0,380000.0,367500.0,444000.0,397000.0,3875
NEWPORT,680000.0,630000.0,695000.0,740000.0,825000.0,950000.0,1080000.0,1060000.0,1055000.0,1010000.0,3015
NEWSTEAD,243000.0,252000.0,300000.0,297500.0,365000.0,362000.0,420000.0,313000.0,436000.0,409500.0,3462
NEWTOWN (GREATER GEELONG),533000.0,527500.0,570000.0,620000.0,642500.0,712500.0,780000.0,843000.0,825000.0,1005000.0,3220
NHILL,107000.0,110000.0,110000.0,125000.0,128000.0,140000.0,126500.0,149000.0,137000.0,107500.0,3418
NICHOLS POINT,311500.0,232000.0,316500.0,304000.0,370000.0,396000.0,346000.0,470000.0,430000.0,435000.0,3501
NIDDRIE,742500.0,666000.0,700000.0,747500.0,832500.0,910000.0,1095000.0,1070000.0,1070000.0,845000.0,3042
NOBLE PARK,410000.0,382000.0,400000.0,440000.0,510000.0,600000.0,680000.0,680000.0,629000.0,653000.0,3174
NOBLE PARK NORTH,395000.0,370000.0,383000.0,420000.0,491500.0,563000.0,640000.0,660000.0,610000.0,656500.0,3174
NOOJEE,200000.0,206500.0,167000.0,174500.0,290000.0,208000.0,155000.0,255000.0,224000.0,411500.0,3833
NORLANE,203000.0,206500.0,202500.0,215000.0,216000.0,236500.0,290000.0,355000.0,349000.0,366500.0,3214
NORTH BENDIGO,230000.0,267000.0,271000.0,280000.0,286000.0,279000.0,302000.0,310000.0,325000.0,363500.0,3550
NORTH GEELONG,292500.0,286500.0,277000.0,301000.0,335000.0,338500.0,422000.0,495000.0,500000.0,653500.0,3215
NORTH MELBOURNE,750000.0,775000.0,802500.0,832000.0,926000.0,1200000.0,1390000.0,1182500.0,1297500.0,1135000.0,3051
NORTH WONTHAGGI,287000.0,256000.0,230000.0,268500.0,275000.0,259500.0,293000.0,369000.0,389000.0,390000.0,3995
NORTHCOTE,780000.0,786000.0,818000.0,935000.0,1008500.0,1190000.0,1325000.0,1345000.0,1300000.0,1265000.0,3070
NOTTING HILL,525500.0,547000.0,566500.0,660000.0,780000.0,872500.0,993000.0,957500.0,875500.0,1527000.0,3168
NUMURKAH,190500.0,200500.0,195000.0,215000.0,219000.0,195000.0,219000.0,225000.0,252500.0,232000.0,3636
NYAH WEST,70000.0,116500.0,94000.0,107500.0,146500.0,130000.0,133500.0,135000.0,85000.0,110000.0,3595
OAK PARK,590000.0,540000.0,576500.0,626000.0,660000.0,822500.0,872000.0,878500.0,840000.0,703000.0,3046
OAKLEIGH,700000.0,645000.0,753500.0,801500.0,1002000.0,1050000.0,1210000.0,1250000.0,1101000.0,990000.0,3166
OAKLEIGH EAST,640000.0,610000.0,672000.0,820000.0,995000.0,983000.0,1200000.0,992500.0,942000.0,935000.0,3166
OCEAN GROVE,479000.0,465000.0,459000.0,515000.0,516500.0,555000.0,637000.0,690000.0,695000.0,682500.0,3226
OFFICER,396000.0,429000.0,342000.0,339000.0,375000.0,440000.0,480000.0,550000.0,550000.0,585000.0,3809
OLINDA,520000.0,445000.0,496000.0,520000.0,553500.0,620000.0,705000.0,760000.0,748000.0,690000.0,3788
ORBOST,151500.0,150000.0,156000.0,150000.0,145000.0,162500.0,159000.0,165000.0,185500.0,200000.0,3888
ORMOND,912500.0,857500.0,997500.0,1187500.0,1300000.0,1550000.0,1618000.0,1600000.0,1467500.0,1565000.0,3204
OSBORNE,488500.0,507500.0,530000.0,540500.0,580000.0,640000.0,735000.0,757000.0,780000.0,815000.0,California
OUYEN,110000.0,116500.0,75000.0,77500.0,105500.0,130000.0,130000.0,93000.0,99000.0,114000.0,3490
PAKENHAM,340000.0,335000.0,335000.0,350000.0,367000.0,400000.0,470000.0,520000.0,485000.0,520500.0,3810
PARADISE BEACH,159500.0,212500.0,163500.0,178000.0,188500.0,200000.0,180000.0,199000.0,200000.0,249000.0,3851
PARK ORCHARDS,942500.0,953000.0,952500.0,1103000.0,1225000.0,1335000.0,1450000.0,1480000.0,1460000.0,1720000.0,3114
PARKDALE,756000.0,677000.0,760000.0,860000.0,965000.0,1100000.0,1300000.0,1245000.0,1155000.0,1200500.0,3195
PASCOE VALE,575000.0,540000.0,580000.0,655000.0,720000.0,805000.0,891000.0,901000.0,858500.0,920000.0,3044
PASCOE VALE SOUTH,612500.0,629000.0,645500.0,701000.0,745000.0,840000.0,975000.0,955000.0,950000.0,929500.0,3044
PATTERSON GARDENS,605000.0,610000.0,620000.0,672000.0,739000.0,812000.0,885000.0,890000.0,920000.0,935000.0,Brevard County
PATTERSON LAKES,625000.0,730000.0,645000.0,734000.0,787500.0,810000.0,1021500.0,1022500.0,923000.0,1300000.0,3197
PAYNESVILLE,323500.0,290000.0,283000.0,300000.0,302500.0,308000.0,335000.0,353000.0,339000.0,380000.0,3880
PIONEER BAY,197500.0,235000.0,200000.0,220000.0,240000.0,216000.0,271500.0,308000.0,310000.0,319000.0,3984
PLENTY,730000.0,770000.0,773000.0,750000.0,915500.0,935000.0,1145000.0,1350000.0,1301000.0,959000.0,3090
POINT COOK,445000.0,435000.0,450000.0,445000.0,465000.0,505000.0,592000.0,631500.0,640500.0,650000.0,3030
POOWONG,208000.0,185000.0,215000.0,218000.0,240000.0,325000.0,286000.0,315000.0,443000.0,285000.0,3988
POREPUNKAH,276000.0,285000.0,347000.0,280000.0,323000.0,330000.0,447000.0,464500.0,535000.0,467500.0,3740
PORT ALBERT,180000.0,235000.0,262500.0,190000.0,197500.0,218500.0,270000.0,240000.0,250000.0,461000.0,3971
PORT FAIRY,380000.0,410000.0,400000.0,425000.0,447500.0,473500.0,500000.0,651000.0,630000.0,632500.0,3284
PORT FRANKLIN,205000.0,232000.0,190000.0,173500.0,277500.0,207500.0,280000.0,257000.0,302500.0,323500.0,3964
PORT WELSHPOOL,195000.0,266000.0,201500.0,244000.0,200000.0,380000.0,247500.0,295000.0,315000.0,365000.0,3965
PORTARLINGTON,425000.0,389000.0,390000.0,414500.0,409000.0,460000.0,515000.0,640000.0,621500.0,619000.0,3223
PORTLAND,236500.0,227500.0,235000.0,210000.0,220000.0,220000.0,230000.0,234500.0,267500.0,320000.0,3305
PORTLAND NORTH,215000.0,226500.0,300000.0,248000.0,330000.0,340000.0,360000.0,367500.0,276000.0,541000.0,3305
PORTSEA,1625000.0,1398000.0,1195000.0,1305000.0,1800000.0,1701000.0,1925000.0,2180000.0,1950000.0,2515000.0,3944
PRAHRAN,955000.0,932500.0,990000.0,1175000.0,1350000.0,1436000.0,1527500.0,1578000.0,1510000.0,1785000.0,3181
PRESTON,602000.0,580000.0,632500.0,690000.0,791000.0,882000.0,996000.0,980000.0,936500.0,1010000.0,3072
PRINCES HILL,967500.0,928500.0,1216500.0,1210000.0,1280000.0,1555000.0,1767500.0,1650000.0,2035000.0,1375500.0,3054
PYRAMID HILL,91000.0,100000.0,112500.0,117000.0,112500.0,112500.0,112500.0,100000.0,120000.0,115000.0,3575
QUARRY HILL,292500.0,300000.0,385000.0,355000.0,377500.0,349000.0,362000.0,407500.0,395000.0,369000.0,3550
QUEENSCLIFF,590000.0,697500.0,630000.0,695000.0,700000.0,795000.0,763000.0,950000.0,950000.0,990000.0,3225
RAWSON,161000.0,141500.0,160500.0,100000.0,147000.0,151000.0,146500.0,164000.0,156000.0,120000.0,3825
RAYMOND ISLAND,262500.0,310000.0,297500.0,280000.0,285000.0,330000.0,289500.0,360000.0,300000.0,525000.0,3880
RED CLIFFS,170000.0,157000.0,163000.0,157500.0,175000.0,165000.0,223500.0,211500.0,217500.0,240000.0,3496
REDAN,227500.0,237000.0,250000.0,245000.0,247000.0,255000.0,287500.0,330000.0,357000.0,365000.0,3350
RESEARCH,657000.0,622500.0,605500.0,685000.0,686000.0,825500.0,950000.0,915000.0,930000.0,1515000.0,3095
RESERVOIR,500000.0,468500.0,510000.0,541000.0,615000.0,710000.0,816000.0,790000.0,750000.0,827000.0,3073
RHYLL,415000.0,400000.0,393000.0,482000.0,402000.0,460000.0,527500.0,657500.0,565000.0,510000.0,3923
RICHMOND,825000.0,823000.0,900000.0,961000.0,1150000.0,1265000.0,1302500.0,1311000.0,1255000.0,1220000.0,3121
RIDDELLS CREEK,449000.0,380000.0,450000.0,417500.0,456500.0,500000.0,580000.0,675000.0,695000.0,680000.0,3431
RINGWOOD,506000.0,503500.0,551000.0,660000.0,777500.0,837500.0,910500.0,900000.0,813500.0,899000.0,3134
RINGWOOD EAST,520000.0,490000.0,547000.0,612000.0,750000.0,806000.0,901000.0,881000.0,809000.0,975500.0,3135
RIPPLESIDE,510000.0,414000.0,585000.0,530000.0,640000.0,739000.0,671500.0,750000.0,810000.0,768500.0,3215
ROBINVALE,136000.0,176000.0,150000.0,160000.0,184500.0,170000.0,198500.0,220000.0,225000.0,198500.0,3549
ROCHESTER,185000.0,210000.0,189500.0,215000.0,235000.0,239000.0,242500.0,236000.0,255000.0,250000.0,3561
ROCKBANK,251000.0,262000.0,309000.0,280000.0,300000.0,347000.0,446000.0,500000.0,497000.0,480000.0,3335
ROMSEY,360000.0,367500.0,387500.0,396000.0,420000.0,428000.0,470000.0,550000.0,580500.0,627500.0,3434
ROSANNA,725000.0,652500.0,717500.0,781500.0,905000.0,980000.0,1175000.0,1100000.0,1042500.0,1122500.0,3084
ROSEBUD,360000.0,350000.0,366000.0,365000.0,389000.0,445000.0,536000.0,590000.0,545000.0,587500.0,3939
ROSEBUD SOUTH,460000.0,450000.0,425000.0,500000.0,514500.0,546000.0,647500.0,710000.0,682500.0,842500.0,3939
ROSEDALE,189000.0,208500.0,215000.0,215000.0,197000.0,230000.0,255000.0,280000.0,247000.0,210000.0,3847
ROWVILLE,527500.0,530000.0,570000.0,617500.0,710000.0,778000.0,867000.0,840000.0,820500.0,801500.0,3178
ROXBURGH PARK,360000.0,355000.0,365000.0,385000.0,400000.0,435000.0,515000.0,546000.0,540000.0,577500.0,3064
RUSHWORTH,155000.0,190000.0,161000.0,158000.0,177000.0,200000.0,192500.0,198000.0,197500.0,185000.0,3612
RUTHERGLEN,207000.0,235000.0,232000.0,195000.0,230000.0,255000.0,262000.0,270000.0,280000.0,330000.0,3685
RYE,440000.0,422000.0,425000.0,460000.0,488000.0,550000.0,658000.0,705000.0,690000.0,700500.0,3941
SAFETY BEACH,553000.0,551000.0,515000.0,516500.0,595000.0,665000.0,780000.0,849000.0,785000.0,980000.0,3936
SAILORS GULLY,265000.0,257500.0,253000.0,262500.0,235000.0,225000.0,232000.0,290000.0,280000.0,211000.0,3556
SALE,291500.0,274000.0,290000.0,300000.0,298000.0,295500.0,300000.0,308000.0,325000.0,341000.0,3850
SAN REMO,411000.0,402500.0,410000.0,407000.0,420000.0,460000.0,497000.0,515000.0,554500.0,670000.0,3925
SANCTUARY LAKES,475000.0,512500.0,480000.0,482500.0,570000.0,503000.0,629000.0,630000.0,620000.0,600000.0,Australia
SANDHURST,509000.0,510000.0,545000.0,549000.0,617500.0,678500.0,730000.0,837500.0,815000.0,785000.0,3977
SANDRINGHAM,1202500.0,1175000.0,1210000.0,1305000.0,1490000.0,1760000.0,1870000.0,1850000.0,1650000.0,1770000.0,3191
SANDY POINT,375000.0,355000.0,352500.0,380000.0,370000.0,359000.0,407500.0,410000.0,410000.0,517500.0,3959
SCORESBY,472000.0,480000.0,509000.0,570000.0,661000.0,700000.0,878500.0,835000.0,767000.0,790000.0,3179
SEA LAKE,112000.0,65000.0,80000.0,75000.0,95000.0,75000.0,70000.0,110000.0,100000.0,117500.0,3533
SEABROOK,407500.0,403500.0,422500.0,402500.0,456000.0,509000.0,635000.0,672500.0,626500.0,655000.0,3028
SEAFORD,415000.0,392500.0,419000.0,450000.0,475000.0,581500.0,700500.0,695000.0,655000.0,681500.0,3198
SEAHOLME,630000.0,600000.0,641000.0,670000.0,802500.0,872500.0,1157500.0,1015000.0,1020000.0,1270000.0,3018
SEASPRAY,165000.0,192500.0,152000.0,164000.0,240000.0,175000.0,215000.0,210000.0,265000.0,443000.0,3851
SEBASTOPOL,228000.0,239500.0,242000.0,235500.0,244500.0,248000.0,256000.0,289500.0,315000.0,350000.0,3356
SEDDON,620500.0,670000.0,675000.0,730000.0,830000.0,934500.0,982500.0,1018500.0,960000.0,1038000.0,3011
SELBY,421500.0,410000.0,420000.0,420000.0,469500.0,527500.0,600000.0,637500.0,601500.0,680000.0,3159
SEVILLE,380000.0,380000.0,400000.0,397500.0,450000.0,511500.0,611500.0,634500.0,620000.0,625500.0,3139
SEYMOUR,190000.0,220000.0,220000.0,213000.0,225000.0,242500.0,277000.0,295000.0,300000.0,300000.0,3660
SHEPPARTON,242500.0,240000.0,247000.0,243000.0,250000.0,265000.0,261000.0,275000.0,282000.0,283000.0,3630
SHEPPARTON NORTH,330500.0,284000.0,346000.0,375000.0,348000.0,361000.0,347000.0,334000.0,393000.0,453000.0,3631
SHOREHAM,585000.0,618000.0,607000.0,620000.0,903000.0,868500.0,970000.0,1160000.0,1500000.0,1560000.0,3916
SILVERLEAVES,500000.0,505000.0,508000.0,460500.0,484000.0,446500.0,515000.0,721000.0,618500.0,571000.0,3922
SKENES CREEK,370000.0,532500.0,465000.0,435000.0,491500.0,520000.0,517000.0,580000.0,667500.0,855000.0,3233
SKYE,385000.0,390000.0,395000.0,413000.0,430000.0,480000.0,570000.0,611000.0,600000.0,630000.0,3977
SMITHS BEACH,380000.0,430000.0,372500.0,390000.0,455000.0,470000.0,458500.0,589000.0,624500.0,560000.0,3922
SOLDIERS HILL,278000.0,292500.0,283000.0,341000.0,310000.0,375000.0,423500.0,447500.0,480000.0,548000.0,3350
SOMERS,615000.0,692500.0,657500.0,755000.0,696500.0,755500.0,820000.0,888500.0,950000.0,835000.0,3927
SOMERVILLE,375000.0,360000.0,385000.0,395000.0,425000.0,465000.0,580000.0,615000.0,600000.0,603000.0,3912
SORRENTO,905000.0,730000.0,770000.0,795000.0,859000.0,1130000.0,1300000.0,1377500.0,1465000.0,1360000.0,3943
SOUTH DUDLEY,230000.0,216500.0,192000.0,200500.0,221500.0,256000.0,233500.0,270000.0,339000.0,297500.0,3995
SOUTH GEELONG,382500.0,430000.0,420500.0,470000.0,425000.0,495000.0,650000.0,676000.0,702500.0,687500.0,3220
SOUTH KINGSVILLE,620000.0,610000.0,619500.0,671000.0,742000.0,903000.0,980000.0,1000000.0,859000.0,990000.0,3015
SOUTH MELBOURNE,925000.0,930000.0,1030000.0,1200000.0,1310000.0,1595000.0,1520000.0,1465000.0,1355000.0,1412500.0,3205
SOUTH MORANG,410000.0,420000.0,415000.0,420000.0,450000.0,502000.0,610500.0,635000.0,625500.0,655000.0,3752
SPOTSWOOD,602500.0,655000.0,680000.0,640000.0,795000.0,917500.0,1027500.0,1080000.0,960000.0,1135000.0,3015
SPRING GULLY,320000.0,340000.0,345000.0,350000.0,350000.0,350000.0,390000.0,400000.0,386500.0,375000.0,3550
SPRINGVALE,470000.0,448000.0,451500.0,530000.0,629500.0,685000.0,750000.0,780000.0,743000.0,800000.0,3171
SPRINGVALE SOUTH,420000.0,408000.0,430000.0,475000.0,562000.0,630000.0,720000.0,720000.0,678000.0,712000.0,3172
ST ALBANS,387000.0,348000.0,350000.0,373500.0,428000.0,500000.0,621000.0,626500.0,590000.0,590000.0,3021
ST ALBANS PARK,310000.0,307500.0,335000.0,330000.0,329000.0,331000.0,379000.0,450000.0,422000.0,445000.0,3219
ST ANDREWS BEACH,550000.0,714000.0,480000.0,495000.0,560000.0,695000.0,855000.0,902500.0,930000.0,992500.0,3941
ST ARNAUD,125000.0,123000.0,140000.0,145000.0,141000.0,142500.0,145000.0,145000.0,175000.0,155000.0,3478
ST HELENA,570000.0,550500.0,612500.0,623000.0,711000.0,800000.0,893500.0,910000.0,905000.0,990000.0,3088
ST KILDA,860000.0,861000.0,892000.0,1225000.0,1164000.0,1305000.0,1551000.0,1755000.0,1600000.0,1271500.0,3182
ST LEONARDS,389000.0,363000.0,350000.0,357000.0,375000.0,421500.0,469000.0,571500.0,562500.0,501000.0,3223
STANHOPE,152000.0,175000.0,150000.0,131000.0,152500.0,147000.0,181000.0,161500.0,174000.0,180000.0,3623
STAWELL,147000.0,167000.0,162500.0,172500.0,177000.0,177000.0,188000.0,190000.0,189000.0,220000.0,3380
STRATFORD,242500.0,267500.0,230000.0,261500.0,260500.0,272500.0,265000.0,258000.0,316500.0,320000.0,3862
STRATHDALE,369500.0,361000.0,392500.0,380000.0,410500.0,445000.0,380000.0,420000.0,453500.0,543000.0,3550
STRATHFIELDSAYE,370000.0,359000.0,377000.0,397500.0,408000.0,425000.0,455000.0,444000.0,476500.0,533500.0,3551
STRATHMORE,820000.0,800000.0,827500.0,865000.0,997500.0,1140000.0,1230000.0,1357500.0,1310000.0,995000.0,3041
STRATHMORE HEIGHTS,700000.0,605000.0,621000.0,640000.0,700000.0,808000.0,970000.0,885000.0,800000.0,650000.0,3041
STUDFIELD,470000.0,480500.0,532500.0,617500.0,785000.0,853000.0,957500.0,906000.0,811000.0,870000.0,Victoria
SUNBURY,360000.0,350000.0,355000.0,360000.0,370000.0,395000.0,492000.0,545000.0,535000.0,555000.0,3429
SUNDERLAND BAY,280000.0,265000.0,324500.0,333000.0,287000.0,360000.0,357500.0,455000.0,412000.0,511000.0,3922
SUNNYCLIFFS,70000.0,200000.0,195000.0,307500.0,185000.0,220000.0,228000.0,218000.0,239000.0,245000.0,3496
SUNSET STRIP,286500.0,286500.0,301500.0,310000.0,301500.0,340000.0,345000.0,390000.0,460000.0,510500.0,3922
SUNSHINE,430000.0,400000.0,435000.0,483500.0,530500.0,675000.0,765000.0,735000.0,720000.0,830000.0,3020
SUNSHINE NORTH,420000.0,395000.0,400000.0,425500.0,495000.0,560000.0,651000.0,682500.0,630000.0,652500.0,3020
SUNSHINE WEST,391500.0,375000.0,384500.0,395000.0,450000.0,520000.0,639500.0,635000.0,635000.0,648000.0,3020
SURF BEACH,350000.0,350000.0,375000.0,360000.0,355000.0,414000.0,425000.0,480000.0,510000.0,510000.0,3922
SWAN HILL,225000.0,225000.0,225000.0,230000.0,248000.0,262500.0,252000.0,267000.0,285000.0,315000.0,3585
SYDENHAM,420500.0,415000.0,425000.0,415000.0,440000.0,505000.0,590000.0,620000.0,599500.0,600500.0,3037
SYNDAL,850000.0,778000.0,950500.0,1160000.0,1505000.0,1410000.0,1585000.0,1530000.0,1524500.0,2147500.0,Australia
TALLANGATTA,175000.0,185000.0,154000.0,200000.0,233000.0,216000.0,275000.0,245000.0,251500.0,325000.0,3700
TARNEIT,369000.0,356000.0,370000.0,395000.0,400000.0,445000.0,515000.0,568500.0,555000.0,549000.0,3029
TATURA,215000.0,229500.0,230000.0,237500.0,233000.0,228000.0,262000.0,250000.0,276500.0,275000.0,3616
TAWONGA,260000.0,231000.0,310000.0,375000.0,235000.0,275000.0,265000.0,354000.0,460000.0,370000.0,3697
TAWONGA SOUTH,230000.0,255000.0,219500.0,235000.0,257500.0,298000.0,254000.0,310000.0,400000.0,377500.0,3698
TAYLORS HILL,420000.0,480000.0,487500.0,510000.0,530000.0,600000.0,686000.0,723000.0,702500.0,680500.0,3037
TAYLORS LAKES,500000.0,477500.0,490000.0,510000.0,561500.0,635000.0,720000.0,763500.0,748500.0,742500.0,3038
TECOMA,427500.0,412000.0,415000.0,478000.0,510000.0,601500.0,709000.0,700000.0,662500.0,727500.0,3160
TEMPLESTOWE,804000.0,811000.0,865000.0,951500.0,1180000.0,1270000.0,1415000.0,1308000.0,1276500.0,1553000.0,3106
TEMPLESTOWE LOWER,711500.0,670000.0,750000.0,830000.0,1060000.0,1105500.0,1302000.0,1150000.0,1080000.0,1215000.0,3107
THE BASIN,400000.0,410000.0,430000.0,463500.0,550000.0,595000.0,610000.0,682500.0,695000.0,801000.0,3154
THE HONEYSUCKLES,236000.0,215000.0,214000.0,190000.0,160000.0,237000.0,265000.0,290000.0,336000.0,262500.0,3851
THOMASTOWN,400000.0,365000.0,390000.0,420000.0,436000.0,493000.0,653000.0,636000.0,592000.0,629000.0,3074
THOMSON (GREATER GEELONG),281500.0,273500.0,282000.0,290000.0,290000.0,308500.0,365000.0,411000.0,400500.0,425000.0,3219
THORNBURY,690000.0,715500.0,729000.0,840000.0,918000.0,1079500.0,1225000.0,1145000.0,1135000.0,1158000.0,3071
TIMBOON,211500.0,212500.0,184000.0,210000.0,240000.0,215000.0,220000.0,247000.0,260000.0,405000.0,3268
TONGALA,154000.0,175000.0,185000.0,179000.0,165000.0,204000.0,200000.0,275000.0,234500.0,212500.0,3621
TOORA,220000.0,210000.0,171500.0,155000.0,230000.0,195000.0,190000.0,241500.0,275000.0,222500.0,3962
TOORAK,2617500.0,2775000.0,2875000.0,3391000.0,3987500.0,4900000.0,5100000.0,4700000.0,4361000.0,4500000.0,3142
TOOTGAROOK,373500.0,390000.0,387000.0,402500.0,405000.0,460000.0,591000.0,600500.0,580000.0,550000.0,3941
TORQUAY,563500.0,565000.0,580000.0,580000.0,620000.0,665000.0,720000.0,810000.0,820000.0,800000.0,3228
TRAFALGAR,271500.0,285000.0,283000.0,311000.0,310000.0,312500.0,333500.0,375000.0,397500.0,420000.0,3824
TRARALGON,270000.0,260000.0,269000.0,275000.0,273000.0,268500.0,288500.0,298000.0,325000.0,311000.0,3844
TRARALGON EAST,405000.0,402500.0,435000.0,440000.0,432500.0,445000.0,455000.0,425000.0,470000.0,474500.0,3844
TYABB,350500.0,372500.0,370500.0,366000.0,395000.0,430000.0,510500.0,548000.0,580500.0,560000.0,3913
UPWEY,415000.0,422500.0,425000.0,476000.0,515000.0,585000.0,680000.0,710000.0,702500.0,792500.0,3158
VENTNOR,365000.0,363500.0,370000.0,377500.0,423500.0,420000.0,465000.0,490000.0,535000.0,560000.0,3922
VENUS BAY,265500.0,238500.0,242500.0,237000.0,236000.0,258000.0,262500.0,305000.0,330000.0,350000.0,3956
VERMONT SOUTH,674000.0,654500.0,722500.0,815000.0,1000000.0,1082500.0,1200500.0,1150000.0,1166500.0,1220000.0,3133
VIEWBANK,604500.0,589000.0,630000.0,725000.0,829500.0,920000.0,1000000.0,933000.0,920000.0,980000.0,3084
WAHGUNYAH,190000.0,244000.0,190000.0,213500.0,267000.0,290000.0,270000.0,240000.0,355000.0,395000.0,3687
WALKERVILLE,229500.0,280000.0,279000.0,230000.0,247000.0,283500.0,275000.0,266500.0,334500.0,285000.0,3956
WALLAN,350000.0,335000.0,341500.0,356500.0,362000.0,375000.0,425000.0,490000.0,477500.0,485000.0,3756
WALLAN EAST,305000.0,317000.0,310000.0,306000.0,309500.0,352500.0,410000.0,489000.0,450000.0,445000.0,Australia
WANDANA HEIGHTS,592500.0,557500.0,540000.0,582000.0,590000.0,592500.0,645000.0,700000.0,766500.0,990000.0,3216
WANDIN NORTH,380500.0,379000.0,407500.0,439500.0,480000.0,496500.0,665000.0,665000.0,627500.0,695000.0,3139
WANGARATTA,240000.0,240000.0,240000.0,255000.0,272000.0,270500.0,270000.0,320000.0,319000.0,325000.0,3677
WANTIRNA,528000.0,515000.0,576000.0,667500.0,764000.0,801000.0,953000.0,915000.0,860000.0,921000.0,3152
WANTIRNA SOUTH,582000.0,542500.0,579000.0,676500.0,829000.0,875000.0,1005000.0,1000000.0,988500.0,1085000.0,3152
WARBURTON,315000.0,300000.0,310000.0,315000.0,325000.0,366000.0,418000.0,495000.0,515000.0,530000.0,3799
WARRACKNABEAL,115000.0,105000.0,107500.0,110000.0,110000.0,123500.0,113000.0,112500.0,118000.0,123000.0,3393
WARRAGUL,295000.0,300000.0,315000.0,320000.0,342000.0,340000.0,364000.0,449000.0,460000.0,470000.0,3820
WARRANDYTE,657000.0,620000.0,640000.0,760000.0,829000.0,890000.0,1042500.0,1110000.0,987500.0,950000.0,3113
WARRANWOOD,632500.0,654000.0,603000.0,665000.0,790000.0,865000.0,945000.0,1010000.0,935000.0,890000.0,3134
WATERWAYS,688000.0,682000.0,667000.0,845000.0,902000.0,1050000.0,1127500.0,1110000.0,1270000.0,1475000.0,3195
WATSONIA,500000.0,462000.0,505000.0,555000.0,607500.0,698000.0,835000.0,795000.0,736000.0,765000.0,3087
WATSONIA NORTH,470500.0,462000.0,510000.0,572500.0,635000.0,702500.0,790000.0,775000.0,726500.0,770000.0,3087
WATTLE GLEN,569500.0,527000.0,475000.0,500500.0,569000.0,580000.0,620000.0,810000.0,778500.0,918000.0,3096
WAURN PONDS,421000.0,452500.0,446500.0,470000.0,480000.0,501000.0,530000.0,621500.0,641500.0,575000.0,3216
WEDDERBURN,123000.0,122500.0,154000.0,137500.0,110000.0,150000.0,155000.0,130000.0,138500.0,125000.0,3518
WENDOUREE,235000.0,236500.0,243000.0,247000.0,250000.0,252500.0,267500.0,326000.0,335000.0,365000.0,3355
WENDOUREE WEST,166000.0,167500.0,200000.0,165000.0,207500.0,185000.0,200000.0,245000.0,257500.0,300000.0,Ballarat City
WERRIBEE,315000.0,300000.0,308500.0,315000.0,335000.0,403000.0,470000.0,510000.0,510000.0,510000.0,3030
WERRIBEE SOUTH,436000.0,440000.0,538000.0,585000.0,680000.0,519000.0,620000.0,735000.0,744500.0,590000.0,3030
WESBURN,327000.0,290000.0,312500.0,288500.0,395000.0,455000.0,455000.0,463500.0,530000.0,665000.0,3799
WEST FOOTSCRAY,525000.0,532500.0,553000.0,637500.0,697000.0,798000.0,890000.0,875000.0,787500.0,852500.0,3012
WEST MELBOURNE,885000.0,720000.0,905000.0,916000.0,1005000.0,1104500.0,1370000.0,1370000.0,1085000.0,1500000.0,3003
WEST WODONGA,275000.0,267500.0,272500.0,296000.0,306000.0,308500.0,321000.0,321000.0,342500.0,394000.0,3690
WESTGARTH,951000.0,840000.0,920000.0,1100000.0,1300000.0,1500000.0,1383000.0,1707500.0,1505000.0,1600000.0,Australia
WESTMEADOWS,397500.0,377500.0,386500.0,419000.0,470000.0,500000.0,566000.0,620000.0,620000.0,534500.0,3049
WHEELERS HILL,650000.0,669000.0,740000.0,805000.0,999000.0,1050000.0,1160000.0,1118500.0,1009000.0,1255000.0,3150
WHITE HILLS,265000.0,275000.0,280000.0,306000.0,297500.0,305000.0,300000.0,313500.0,330000.0,315000.0,3550
WHITTINGTON,265000.0,252000.0,259000.0,262000.0,280000.0,265000.0,316500.0,395000.0,377500.0,409500.0,3219
WHITTLESEA,372500.0,365000.0,375000.0,375000.0,400000.0,448500.0,469500.0,577500.0,577500.0,593500.0,3757
WILLAURA,97000.0,98000.0,80000.0,112000.0,129500.0,85000.0,100000.0,117500.0,110000.0,156500.0,3379
WILLIAMS LANDING,371000.0,450000.0,470000.0,450000.0,510000.0,530000.0,600000.0,685000.0,660000.0,670000.0,3027
WILLIAMSTOWN,900000.0,901000.0,920000.0,970000.0,1120000.0,1282500.0,1440000.0,1430000.0,1350000.0,1570000.0,3016
WILLIAMSTOWN NORTH,839000.0,680000.0,768000.0,803500.0,862500.0,1135500.0,1024000.0,860000.0,915000.0,955000.0,3016
WIMBLEDON HEIGHTS,259000.0,290000.0,271500.0,310000.0,291500.0,299000.0,334000.0,410000.0,386500.0,405000.0,3922
WINTER VALLEY,329000.0,353500.0,344500.0,360000.0,365000.0,362500.0,375000.0,405000.0,435000.0,485000.0,Wellington County
WODONGA,279500.0,255500.0,282500.0,296500.0,295000.0,315000.0,341500.0,350000.0,330500.0,356500.0,3690
WOLLERT,450000.0,410000.0,400000.0,395000.0,430000.0,460000.0,530000.0,570000.0,577500.0,593500.0,3750
WONTHAGGI,257500.0,229000.0,230000.0,251000.0,260000.0,265000.0,289000.0,339000.0,375000.0,370000.0,3995
WOODEND,475000.0,430000.0,470000.0,460000.0,482500.0,460000.0,560000.0,665000.0,747500.0,620000.0,3442
WOOLAMAI WATERS,350000.0,350000.0,349500.0,381500.0,340000.0,377000.0,418000.0,469500.0,495500.0,570000.0,3995
WOORI YALLOCK,312000.0,315000.0,330000.0,317000.0,358000.0,391500.0,480000.0,520000.0,510000.0,527500.0,3139
WY YUNG,288500.0,325000.0,285000.0,285000.0,290000.0,333500.0,328000.0,315000.0,349000.0,323000.0,3875
WYCHEPROOF,86000.0,96500.0,95000.0,103000.0,100000.0,82500.0,100000.0,124500.0,141500.0,170000.0,3527
WYE RIVER,680000.0,557500.0,813000.0,646500.0,530000.0,1025000.0,718500.0,870000.0,1300000.0,1042500.0,3234
WYNDHAM VALE,290000.0,286500.0,288500.0,306000.0,325000.0,365000.0,436000.0,480000.0,465000.0,468500.0,3024
YALLAMBIE,506000.0,471000.0,532500.0,580000.0,665000.0,713500.0,781000.0,810000.0,792500.0,950000.0,3085
YARRA GLEN,425000.0,395000.0,420000.0,460000.0,530000.0,540000.0,620000.0,670000.0,670000.0,815000.0,3775
YARRA JUNCTION,365000.0,397000.0,406500.0,357500.0,417500.0,422500.0,535000.0,570000.0,582500.0,528000.0,3797
YARRAGON,255000.0,266000.0,258000.0,297000.0,284000.0,300000.0,280000.0,390000.0,410000.0,434000.0,3823
YARRAM,195500.0,215000.0,190000.0,202500.0,245000.0,230000.0,225000.0,218000.0,240000.0,260000.0,3971
YARRAVILLE,607000.0,613000.0,696000.0,710000.0,810000.0,900500.0,1000000.0,1045000.0,971000.0,950000.0,3013
YARRAWONGA,270000.0,300000.0,302500.0,297000.0,300500.0,320000.0,324500.0,345000.0,375000.0,398000.0,3730
YEA,270000.0,255000.0,260000.0,255000.0,260000.0,305000.0,386500.0,392500.0,435500.0,416500.0,3717
YINNAR,208000.0,221500.0,220000.0,240000.0,182500.0,230000.0,270000.0,245000.0,255000.0,237500.0,3869
